label,kind,train,cond,n,p1,p16,p50,p84,p99,frac_lt_2p86,frac_gt_5
Observed SDSS (Ha/Hb),observed,-,sdss,57935,2.9181278408092384,3.4293850211872017,3.9460734889558347,4.721000214984619,6.383744950597231,0.0065418141020108745,0.10099249158539743
Observed DESI (Ha/Hb),observed,-,desi,100000,2.6713820777326456,3.2780128050595736,3.847563782105584,4.620481280508423,6.187391555058105,0.02646,0.08335
NF samples: SDSS-trained (conditioned on SDSS),nf_insurvey,sdss,sdss,57935,2.8750819969177246,3.442277612686157,3.947725296020508,4.712508373260498,6.584577350616451,0.009182704755329249,0.10232156727366877
NF samples: DESI-trained (conditioned on DESI),nf_insurvey,desi,desi,100000,2.6630653810501097,3.2829136562347414,3.8420740365982056,4.621930046081543,6.315036573410032,0.0293,0.08664
NF samples: SDSS-trained (conditioned on DESI),nf_crosssurvey,sdss,desi,100000,1.998351068496704,2.8707494258880617,3.4003947973251343,4.0216843795776365,6.368583769798264,0.15541,0.03145
NF samples: DESI-trained (conditioned on SDSS),nf_crosssurvey,desi,sdss,57935,2.3069098091125486,3.0305960750579835,3.8268134593963623,4.722090530395508,7.515026302337607,0.10746526279451109,0.10915681367049279
