train,test,n_obj,nll_bits_norm,nll_bits_raw
sdss,sdss,57935,0.8588888396541788,-1.843906229806799
sdss,desi,130382,1.2422282794249546,-1.460566790036023
desi,sdss,57935,0.9319322792327258,-1.7291284482739777
desi,desi,130382,0.8931775367046496,-1.7678831908020538
