train,test,n_obj,nll_bits_norm,nll_bits_raw
sdss,sdss,57935,0.8588888396541788,-1.843906229806799
sdss,desi,130382,2.0422040320694514,-0.6605910373915265
desi,sdss,57935,1.3089701886845628,-1.3516058917120093
desi,desi,130382,0.9248894176972429,-1.7356866626993293
