line,base_scatter,oracle_scatter,twostage_scatter,base_rmse,oracle_rmse,twostage_rmse,base_rho,oracle_rho,twostage_rho,oracle_scatter_redpct,twostage_scatter_redpct
Hgamma,0.08128846064597092,0.04553468981028578,0.08183067399530064,0.09206643208712618,0.055142823604362685,0.09144999889688532,0.5241142371262867,0.8390516142503912,0.5250951298784896,43.98382076811696,-0.6670237633003895
[N II],0.09830323989326765,0.09419210774669864,0.09704608901411867,0.11125679164348269,0.10660379934124244,0.11117687795513757,0.7696763216133999,0.790366876859297,0.7674349047538879,4.182092218967204,1.2788498939749426
[S II]_{6717},0.06657883660151107,0.06465498526700703,0.0656864928700654,0.0852794949680177,0.08230400629843991,0.08579805594697863,0.6036834513452456,0.6236821122299703,0.603984727105628,2.889583886871905,1.340281352145789
[S II]_{6731},0.06821694082581457,0.06651131513542552,0.06693293622520845,0.0908466403397736,0.08809341184681076,0.09087594595714936,0.5042974493622496,0.5277927765770538,0.5145069295301944,2.500296362957999,1.8822371467590582
[O II]_{3726},0.16564348362611417,0.1339773592129651,0.16364367493286258,0.17804107283813342,0.1457382265839287,0.17753665044873304,0.649649771321322,0.785645616115627,0.6527427754605323,19.117036010076284,1.2072969304156245
[O II]_{3729},0.1733109537626561,0.13805069460619834,0.1712646076364161,0.18377996472094793,0.14742436119623695,0.1845788335522864,0.6747376485268529,0.8095375225905941,0.6737831914497716,20.34508401860483,1.1807367519553358
[O III],0.25440560629631476,0.23006298166960681,0.2500181381447449,0.29659643377185085,0.27959191442924697,0.2952898165879633,0.5271854742035716,0.60720157799921,0.5392618634714611,9.5684308931287,1.7245957018964586
ALL-7 pooled,0.11948997769219084,0.10171111165490576,0.11878923195339645,,,,0.7931638055840056,0.8419545639843254,0.7937321289849949,,
