survey,doublet,data,NF,CondGauss,Indep
SDSS,SII,0.3237248640718046,0.3335634763096574,0.3471476654871839,0.4438249762665056
SDSS,OII,0.12876499525330112,0.13345991197031157,0.15192888582031588,0.35740053508242
DESI,SII,0.28554993097100784,0.2910952600092039,0.3141202638441479,0.4282251879122565
DESI,OII,0.06983433041877589,0.067310937260316,0.09034361098327964,0.33369381807025617
