survey,nll_NF,nll_CondGauss,nll_Indep
SDSS,-1.8356072929807394,-1.51382630123692,-0.9648777499558574
DESI,-1.7645550685338822,-1.4434419800734448,-0.8880472121370111
