train,test,best_delta,nll_raw_at0,nll_raw_best,rmse_0,rho_0,rmse_best,rho_best
sdss,sdss,-0.0,-1.843906229806799,-1.843906229806799,,,,
sdss,desi,0.1,-1.460566790036023,-1.4921182972066869,0.18606931062296148,0.753940635974929,0.18350569159175728,0.763180173836749
desi,sdss,-0.05,-1.7291284482739777,-1.7359141097550952,0.1652360724735555,0.7922369380646899,0.16350973698755578,0.7993356541031365
desi,desi,-0.0,-1.7678831908020538,-1.7678831908020538,,,,
