survey,z_lo,z_hi,z_mid,n,med_NII_Ha,med_OIII_Hb
sdss,0.05,0.07,0.060000000000000005,2946,-0.5207530405141529,-0.21459656354929546
sdss,0.07,0.09,0.08,3903,-0.5464226233352729,-0.197487997184
sdss,0.09,0.11,0.1,719,-0.5770057923964291,-0.1547535849885957
desi,0.05,0.07,0.060000000000000005,797,-0.3196566807919332,-0.4070556941178811
desi,0.07,0.09,0.08,1116,-0.3565549238399086,-0.35674795513816004
desi,0.09,0.11,0.1,804,-0.3838238449635929,-0.3130309997355081
desi,0.11,0.13,0.12,530,-0.4212729727555873,-0.2525359379001202
desi,0.13,0.16,0.14500000000000002,231,-0.41945412547350003,-0.21652864027999108
